City_ID,City,Lat,Lng,Max Temp,Humidity,Cloudiness,Wind Speed,Country,Date
0,tsarevo,42.1667,27.85,18.87,81,1,4.42,BG,1719622885
1,muzaffarabad,34.37,73.4711,25.77,68,4,1.57,PK,1719622886
2,waitangi,-43.9535,-176.5597,11.01,88,19,1.34,NZ,1719622889
3,nelson bay,-32.7167,152.15,15.62,69,69,0.89,AU,1719622890
4,cockburn town,21.4612,-71.1419,27.67,88,99,7.47,TC,1719622664
5,port-aux-francais,-49.35,70.2167,1.88,75,31,18.65,TF,1719622893
6,saudarkrokur,65.7461,-19.6394,4.53,93,100,3.94,IS,1719622894
7,grytviken,-54.2811,-36.5092,1.4,97,100,1.22,GS,1719622897
8,hawaiian paradise park,19.5933,-154.9731,27.73,76,100,4.12,US,1719622898
9,invercargill,-46.4,168.35,11.68,78,5,2.24,NZ,1719622899
10,taoudenni,22.6783,-3.9836,38.24,9,3,7.36,ML,1719622900
11,puerto carreno,6.189,-67.4859,26.0,83,100,0.5,CO,1719622902
12,hotan,37.0997,79.9269,30.44,17,2,1.68,CN,1719622903
13,kodiak,57.79,-152.4072,10.66,87,100,2.57,US,1719622904
14,ribeira grande,38.5167,-28.7,20.43,84,5,1.79,PT,1719622906
15,songjianghe,42.1859,127.479,25.83,35,3,4.08,CN,1719622864
16,albany,42.6001,-73.9662,19.27,58,100,1.86,US,1719622632
17,ushuaia,-54.8,-68.3,-1.19,80,100,1.54,AR,1719622829
18,klyuchi,52.2667,79.1667,25.17,64,35,2.25,RU,1719622911
19,ancud,-41.8697,-73.8203,6.7,80,100,2.15,CL,1719622912
20,gopalpur,19.2667,84.9167,29.28,76,100,3.4,IN,1719622914
21,enewetak,11.3474,162.3373,28.4,75,86,6.36,MH,1719622915
22,papatowai,-46.5619,169.4708,10.4,77,5,3.91,NZ,1719622916
23,amga,60.8953,131.9608,15.45,54,100,2.51,RU,1719622918
24,wailua homesteads,22.0669,-159.378,27.14,72,12,2.24,US,1719622919
25,hermanus,-34.4187,19.2345,13.78,54,13,3.84,ZA,1719622920
26,uturoa,-16.7333,-151.4333,26.34,76,9,11.72,PF,1719622921
27,bethel,41.3712,-73.414,18.97,72,100,1.96,US,1719622923
28,olonkinbyen,70.9221,-8.7187,1.76,92,100,6.25,SJ,1719622924
29,porto de moz,-1.7483,-52.2383,25.84,79,97,1.52,BR,1719622925
30,mooirivier,-29.2082,29.9946,6.34,70,0,1.11,ZA,1719622926
31,ciro marina,39.3732,17.126,25.03,61,0,4.48,IT,1719622928
32,wainwright,52.839,-110.8572,14.93,64,37,4.21,CA,1719622929
33,shalya,57.2471,58.7298,9.41,79,94,6.67,RU,1719622930
34,zelenogorsk,56.1147,94.5861,25.74,55,6,1.38,RU,1719622932
35,margaret river,-33.95,115.0667,12.21,66,24,3.13,AU,1719622933
36,fort bragg,35.139,-79.006,28.58,79,40,3.09,US,1719622934
37,puerto natales,-51.7236,-72.4875,-0.32,92,86,1.23,CL,1719622935
38,blackmans bay,-43.0167,147.3167,14.29,55,97,2.68,AU,1719622937
39,edinburgh of the seven seas,-37.0676,-12.3116,14.63,93,74,8.43,SH,1719622938
40,aasiaat,68.7098,-52.8699,2.6,90,100,6.19,GL,1719622939
41,alofi,-19.0595,-169.9187,27.94,83,75,4.12,NU,1719622941
42,motilla del palancar,39.5709,-1.9068,14.22,92,100,0.45,ES,1719622942
43,longyearbyen,78.2186,15.6401,4.91,65,40,2.57,SJ,1719622943
44,dhidhdhoo,6.8833,73.1,28.23,77,49,5.22,MV,1719622945
45,adamstown,-25.066,-130.1015,19.15,74,100,12.56,PN,1719622946
46,sari,36.5633,53.0601,20.77,94,75,2.06,IR,1719622947
47,al jawf,29.5,38.75,25.56,29,0,3.31,SA,1719622949
48,robertsport,6.7533,-11.3686,25.14,86,100,2.1,LR,1719622951
49,pecangaan,-6.6978,110.7107,27.92,73,8,4.08,ID,1719622953
50,ilulissat,69.2167,-51.1,6.01,75,75,5.14,GL,1719622954
51,santa cruz,-17.8,-63.1667,22.7,88,20,3.09,BO,1719622955
52,hadibu,12.65,54.0333,26.82,79,60,10.48,YE,1719622957
53,nuuk,64.1835,-51.7216,5.49,93,100,2.68,GL,1719622958
54,jamestown,42.097,-79.2353,20.31,81,100,2.54,US,1719622959
55,atafu village,-8.5421,-172.5159,28.95,75,14,7.14,TK,1719622961
56,illela,13.7292,5.2975,27.63,63,100,5.68,NG,1719622962
57,montrose,38.4166,-108.2673,22.52,32,40,4.06,US,1719622963
58,whitehorse,60.7161,-135.0538,23.43,36,75,4.12,CA,1719622790
59,reggane,26.7158,0.1714,38.0,6,0,4.01,DZ,1719622966
60,alotau,-10.3069,150.4462,27.85,74,100,3.27,PG,1719622967
61,vegreville,53.5001,-112.0518,20.39,34,1,2.57,CA,1719622969
62,salalah,17.0151,54.0924,27.43,85,100,0.8,OM,1719622970
63,cruz,-2.9178,-40.1717,23.95,87,63,4.65,BR,1719622973
64,port elizabeth,-33.918,25.5701,18.16,56,0,2.06,ZA,1719622865
65,tazacorte,28.629,-17.9293,20.64,81,0,5.14,ES,1719622975
66,crane,31.3974,-102.3501,36.12,24,4,9.87,US,1719622976
67,rio grande,-32.035,-52.0986,11.06,70,1,8.05,BR,1719622884
68,ruteng,-8.6136,120.4721,22.05,67,100,1.0,ID,1719622979
69,st. john's,47.5649,-52.7093,16.27,98,100,8.75,CA,1719622712
70,port lincoln,-34.7333,135.8667,13.05,64,100,8.98,AU,1719622984
71,beihai,21.4833,109.1,29.77,78,74,7.37,CN,1719622985
72,katsuura,35.1333,140.3,21.85,98,100,1.83,JP,1719622987
73,kalispell,48.1958,-114.3129,22.17,40,20,2.57,US,1719622988
74,keflavik,64.0049,-22.5624,9.95,93,20,6.69,IS,1719622989
75,tughyl,47.7252,84.2063,24.4,47,0,2.9,KZ,1719622990
76,stanley,54.868,-1.6985,11.82,83,99,3.37,GB,1719622992
77,sinabang,2.4803,96.3801,26.09,86,100,0.44,ID,1719622993
78,yellowknife,62.456,-114.3525,21.29,40,40,6.17,CA,1719622887
79,hammerfest,70.6634,23.6821,11.25,93,40,4.63,NO,1719622995
80,farafangana,-22.8167,47.8333,17.39,68,44,0.88,MG,1719622997
81,sanya,18.2431,109.505,30.09,84,75,3.0,CN,1719622998
82,iqaluit,63.7506,-68.5145,7.85,61,75,3.09,CA,1719622870
83,massawa,15.6097,39.45,34.19,48,42,3.09,ER,1719623000
84,susuman,62.7833,148.1667,4.91,93,100,1.24,RU,1719623002
85,yoko,5.5333,12.3167,18.0,95,92,1.16,CM,1719623003
86,oleiros,43.3333,-8.3167,16.62,91,100,5.81,ES,1719623004
87,port mathurin,-19.6833,63.4167,22.77,63,61,8.14,MU,1719623005
88,kuta,-8.7233,115.1723,27.97,89,20,3.6,ID,1719623007
89,tiksi,71.6872,128.8694,14.56,39,8,2.61,RU,1719623008
90,al qitena,14.8648,32.3668,32.01,44,79,7.46,SD,1719623009
91,punta arenas,-53.15,-70.9167,-1.94,93,20,3.09,CL,1719623011
92,illizi,26.4833,8.4667,30.89,13,0,3.33,DZ,1719623012
93,ust-nera,64.5667,143.2,13.25,52,100,2.85,RU,1719623013
94,kill devil hills,36.0307,-75.676,26.01,90,0,4.63,US,1719622829
95,arraial do cabo,-22.9661,-42.0278,21.98,94,0,2.06,BR,1719622940
96,naze,28.3667,129.4833,28.51,79,100,5.84,JP,1719623017
97,lebu,-37.6167,-73.65,6.91,79,100,4.74,CL,1719622948
98,at taj,24.2049,23.2857,28.44,24,5,4.43,LY,1719623019
99,panaba,21.2833,-88.2667,25.82,89,98,5.78,MX,1719623021
100,urangan,-25.3,152.9,22.89,81,79,3.58,AU,1719623022
101,kourou,5.1552,-52.6478,25.03,87,10,2.31,GF,1719622806
102,carutapera,-1.195,-46.02,24.4,92,100,2.22,BR,1719622945
103,kenai,60.5544,-151.2583,15.64,70,90,3.44,US,1719623026
104,hamilton,39.1834,-84.5333,29.72,62,0,3.09,US,1719622695
105,grossalmerode,51.2667,9.7833,12.78,77,17,1.12,DE,1719623029
106,shevchenko,48.5,35.0,18.32,78,2,1.58,UA,1719623030
107,mount pearl,47.5166,-52.7813,15.81,98,100,8.75,CA,1719623031
108,avarua,-21.2078,-159.775,27.03,83,75,6.17,CK,1719623032
109,thompson,55.7435,-97.8558,17.09,34,40,1.54,CA,1719623034
110,angul,20.85,85.1,27.78,79,100,2.87,IN,1719623035
111,saipan,15.1355,145.701,28.45,79,100,7.95,MP,1719623036
112,sao tome,0.3365,6.7273,24.95,84,66,3.54,ST,1719623039
113,carnarvon,-24.8667,113.6333,18.48,71,0,6.04,AU,1719623040
114,la passe,45.5549,-0.8967,22.13,82,92,5.36,FR,1719623041
115,merizo village,13.2658,144.6691,29.99,88,37,5.04,GU,1719623043
116,waddan,29.1614,16.139,29.64,29,0,3.54,LY,1719623044
117,yemva,62.59,50.8594,10.54,70,21,1.18,RU,1719623045
118,acapulco de juarez,16.8634,-99.8901,25.01,77,99,3.93,MX,1719622790
119,kursavka,44.4564,42.5093,15.33,65,38,1.0,RU,1719623048
120,dingli,35.8614,14.3822,23.23,94,0,2.57,MT,1719623049
121,mantsala,60.6609,25.2838,20.82,79,100,2.3,FI,1719623050
122,tabou,4.423,-7.3528,24.49,85,97,3.83,CI,1719623051
123,ghat,24.9647,10.1728,30.34,15,100,1.51,LY,1719623053
124,hargeysa,9.56,44.065,20.42,63,12,14.1,SO,1719623054
125,valdovino,43.6094,-8.1115,15.52,88,100,4.66,ES,1719623055
126,al burayqah,30.4062,19.5739,24.55,80,0,5.17,LY,1719623056
127,luderitz,-26.6481,15.1594,17.89,52,84,3.21,NA,1719623058
128,kannangad,12.3081,75.1063,26.25,86,100,2.63,IN,1719623059
129,bredasdorp,-34.5322,20.0403,16.09,43,87,2.98,ZA,1719623060
130,slave lake,55.2834,-114.769,19.99,56,0,2.57,CA,1719622967
131,tura,25.5198,90.2201,24.47,99,100,1.74,IN,1719623064
132,college,64.8569,-147.8028,25.99,44,75,6.69,US,1719624135
133,forster,-32.1667,152.5167,19.05,64,2,1.68,AU,1719624136
134,bilibino,68.0546,166.4372,17.5,55,100,1.52,RU,1719624138
135,ingeniero jacobacci,-41.3427,-69.5448,-0.7,75,4,3.64,AR,1719624139
136,orkney,-26.9802,26.6727,13.03,45,100,1.83,ZA,1719626945
137,kyzyl,51.7,94.45,28.46,29,1,1.08,RU,1719628659
138,lihue,21.9789,-159.3672,27.77,68,0,7.2,US,1719628660
139,languyan,5.2618,120.0807,28.69,75,83,0.38,PH,1719628661
140,la'ie,21.6477,-157.9253,28.98,73,1,2.68,US,1719628663
141,buala,-8.145,159.5921,28.6,76,100,4.86,SB,1719628664
142,patterson,37.4716,-121.1297,32.97,44,0,3.55,US,1719630977
143,churapcha,62.0025,132.4325,16.45,54,83,2.57,RU,1719630984
144,touba,8.2833,-7.6833,21.14,97,56,2.9,CI,1719630985
145,banda aceh,5.5577,95.3222,28.93,72,100,5.57,ID,1719630924
146,buryn',51.1991,33.8352,18.05,82,0,0.54,UA,1719630988
147,alice springs,-23.7,133.8833,26.75,44,100,10.8,AU,1719630989
148,capinota,-17.7167,-66.2333,17.67,73,2,2.56,BO,1719630990
149,meizhou,24.2977,116.1072,31.13,69,100,1.82,CN,1719630991
150,west island,-12.1568,96.8225,28.99,74,40,5.14,CC,1719630993
151,egilsstadir,65.2653,-14.3948,5.95,87,75,3.6,IS,1719630994
152,warrnambool,-38.3833,142.4833,11.9,67,100,7.31,AU,1719630995
153,puerto cabezas,14.0351,-83.3888,25.16,92,100,2.35,NI,1719630997
154,pacific grove,36.6177,-121.9166,14.34,90,75,3.09,US,1719630998
155,nangong,37.3581,115.3744,33.76,39,100,2.28,CN,1719630999
156,hemsby,52.6971,1.6918,12.25,87,4,2.31,GB,1719631001
157,byerazino,53.8391,28.9879,20.49,74,99,2.68,BY,1719631002
158,rabo de peixe,37.8,-25.5833,19.73,99,75,2.57,PT,1719631003
159,fale old settlement,-9.3852,-171.2468,28.7,76,17,7.28,TK,1719631005
160,pangkalanbuun,-2.6833,111.6167,29.56,74,73,1.41,ID,1719631006
161,badger,64.8,-147.5333,23.93,54,75,5.66,US,1719631007
162,sechura,-5.5569,-80.8222,19.16,75,4,5.96,PE,1719631010
163,general conesa,-40.1,-64.4333,3.77,68,6,5.35,AR,1719631011
164,tansen,27.8673,83.5467,21.95,87,94,1.0,NP,1719631012
165,anadyr,64.75,177.4833,14.28,72,75,6.0,RU,1719631014
166,burang,30.25,81.1667,12.93,63,89,2.29,CN,1719631015
167,bengkulu,-3.8004,102.2655,27.93,72,68,0.75,ID,1719631016
168,georgetown,5.4112,100.3354,29.97,70,20,2.06,MY,1719631018
169,suva,-18.1416,178.4415,24.71,94,75,3.6,FJ,1719631019
170,vernon,50.2581,-119.2691,24.2,46,19,5.14,CA,1719631020
171,petropavlovsk-kamchatsky,53.0452,158.6483,19.33,56,75,6.0,RU,1719631022
172,morshansk,53.4435,41.8107,17.02,92,50,2.67,RU,1719631023
173,aripuana,-9.1667,-60.6333,23.5,55,0,0.15,BR,1719631024
174,wajir,1.7471,40.0573,22.55,72,100,5.14,KE,1719631025
175,isafjordur,66.0755,-23.124,4.41,79,0,0.98,IS,1719631027
176,valparaiso,-33.0393,-71.6273,14.44,73,0,2.57,CL,1719631028
177,labasa,-16.4167,179.3833,26.99,79,38,2.08,FJ,1719631029
178,bungu,-7.6337,39.0582,18.86,97,66,1.7,TZ,1719631031
179,dharan,26.8125,87.2835,30.49,62,41,1.73,NP,1719631032
180,shawano,44.7822,-88.609,19.72,97,100,4.97,US,1719631033
181,ola,59.5833,151.2833,11.55,80,100,4.19,RU,1719631035
182,caleta de carquin,-11.0925,-77.6267,18.0,88,74,3.84,PE,1719631036
183,talara,-4.5772,-81.2719,18.89,82,5,4.43,PE,1719631037
184,colonia,50.9333,6.95,14.34,83,9,0.97,DE,1719630942
185,barra de santo antonio,-9.4047,-35.5072,21.6,76,99,0.79,BR,1719631040
186,qaqortoq,60.7167,-46.0333,3.77,98,100,6.57,GL,1719631041
187,tocoa,15.6833,-86.0,25.18,91,100,0.94,HN,1719631042
188,chilaw,7.5758,79.7953,27.75,82,41,7.74,LK,1719631044
189,dunedin,-45.8742,170.5036,13.22,56,0,1.34,NZ,1719630973
190,zaragoza,41.6561,-0.8773,19.33,71,75,3.6,ES,1719631048
191,kijang,35.2442,129.2139,22.18,86,100,5.9,KR,1719631049
192,vieste,41.8825,16.175,24.57,79,0,6.34,IT,1719631050
193,shohimardon,39.9839,71.8028,19.43,48,3,1.7,UZ,1719631053
194,gaoual,11.75,-13.2,25.46,88,99,1.37,GN,1719631054
195,al manzalah,31.1582,31.937,23.82,86,0,3.6,EG,1719631055
196,tinajo,29.0788,-13.7081,20.49,73,75,5.66,ES,1719631057
197,new norfolk,-42.7826,147.0587,13.84,65,73,5.91,AU,1719631058
198,onokhoy,51.932,108.0747,25.86,35,49,2.17,RU,1719631059
199,nadi,-17.8,177.4167,31.0,55,40,4.12,FJ,1719631060
200,gadzhiyevo,69.2551,33.3362,18.46,74,49,5.0,RU,1719631062
201,oroqen zizhiqi,50.5667,123.7167,26.39,32,94,2.5,CN,1719631063
202,afaahiti,-17.75,-149.2833,26.93,82,30,11.06,PF,1719631064
203,nacala,-14.5428,40.6728,19.75,95,82,3.48,MZ,1719631066
204,soledade,-28.8183,-52.5103,6.44,97,100,1.88,BR,1719631067
205,san antonio de pale,-1.4014,5.6325,23.52,91,62,4.69,GQ,1719631068
206,tralee,52.2704,-9.7026,12.92,98,100,1.4,IE,1719631070
207,villa dolores,-31.9459,-65.1896,8.63,17,0,3.43,AR,1719631071
208,isangel,-19.55,169.2667,26.06,61,40,4.12,VU,1719631072
209,vallenar,-28.5708,-70.7581,14.23,55,58,0.5,CL,1719631074
210,guerrero negro,27.9769,-114.0611,19.09,83,0,6.14,MX,1719631075
211,sarmiento,-45.5882,-69.07,-0.5,85,6,1.77,AR,1719631076
212,yanchep,-31.55,115.6833,16.45,63,8,4.0,AU,1719631077
213,mirpur sakro,24.5474,67.6277,31.19,73,100,3.78,PK,1719631079
214,jinghong,21.991,100.7341,29.39,65,100,1.06,CN,1719631080
215,sinop,41.7711,34.8709,14.49,69,9,1.59,TR,1719631081
216,bucecea,47.7667,26.4333,19.93,75,0,2.06,RO,1719631082
217,nova sintra,14.8667,-24.7167,24.49,82,16,6.47,CV,1719631084
218,altay,47.8667,88.1167,26.85,35,0,2.12,CN,1719631023
219,siwa oasis,29.2041,25.5195,26.07,48,0,4.36,EG,1719631086
220,yantongshan,43.2919,126.0094,26.22,48,72,6.03,CN,1719631088
221,polyarnyy,69.1989,33.4478,18.13,74,38,5.27,RU,1719631089
222,choibalsan,48.0667,114.5,18.09,80,99,6.45,MN,1719631090
223,bayji,34.9311,43.487,29.94,12,0,3.73,IQ,1719631091
224,pacasmayo,-7.4006,-79.5714,18.07,86,6,4.19,PE,1719631093
225,la sarre,48.8002,-79.1996,12.01,76,100,2.07,CA,1719631094
226,hasaki,35.7333,140.8333,26.27,89,100,4.18,JP,1719631095
227,wenchang,30.904,118.4887,26.45,90,100,2.57,CN,1719631097
228,nema,57.5067,50.5011,12.42,68,16,4.59,RU,1719631098
229,mhamid,29.82,-5.72,27.07,17,0,3.16,MA,1719631099
230,topolobampo,25.6,-109.05,27.95,69,75,6.69,MX,1719631101
231,mount isa,-20.7333,139.5,30.87,37,0,4.63,AU,1719631102
232,murowana goslina,52.5746,17.0093,17.82,90,15,2.37,PL,1719631103
233,tromso,69.6496,18.957,11.01,82,100,6.17,NO,1719631107
234,puerto ayora,-0.7393,-90.3518,21.42,98,33,0.89,EC,1719631108
235,lompoc,34.6391,-120.4579,14.4,87,100,3.6,US,1719631109
236,shentala,54.45,51.4833,11.45,83,0,6.97,RU,1719631110
237,sao joao da barra,-21.6403,-41.0511,22.99,92,73,1.64,BR,1719631112
238,dudinka,69.4058,86.1778,6.9,76,100,8.59,RU,1719631113
239,kurayoshi,35.4333,133.8167,25.95,68,92,1.86,JP,1719631114
240,lyepyel',54.8814,28.6932,19.78,81,6,2.74,BY,1719631116
241,pisco,-13.7,-76.2167,16.03,88,100,1.03,PE,1719631117
242,saldanha,-33.0117,17.9442,13.03,65,58,5.96,ZA,1719631118
243,itaituba,-4.2761,-55.9836,24.16,78,13,0.27,BR,1719631120
244,simplicio mendes,-7.8539,-41.9103,22.21,52,41,2.04,BR,1719631121
245,talnakh,69.4865,88.3972,5.59,86,100,8.13,RU,1719631122
246,yelizovo,53.1873,158.3805,20.08,56,75,6.0,RU,1719631123
247,manta,-0.95,-80.7333,23.88,83,40,1.54,EC,1719631125
248,qingnian,36.8456,115.7117,33.57,39,96,2.31,CN,1719631126
249,haiku-pauwela,20.9219,-156.3051,25.02,70,40,7.72,US,1719631127
250,howard springs,-12.497,131.047,31.1,69,22,4.95,AU,1719631129
251,fayroz koh,34.5195,65.2509,17.93,42,0,0.7,AF,1719631130
252,portland,45.5234,-122.6762,24.81,47,100,1.79,US,1719630338
253,puerto baquerizo moreno,-0.9,-89.6,21.01,92,37,4.67,EC,1719630911
254,tambacounda,13.7539,-13.7586,30.03,70,0,4.12,SN,1719631134
255,caarapo,-22.6342,-54.8222,20.38,53,91,3.51,BR,1719631135
256,saint-pierre,-21.3393,55.4781,17.82,52,75,2.57,RE,1719630855
257,vadso,70.0744,29.7487,10.49,81,100,3.6,NO,1719631137
258,yaransk,57.3033,47.8861,13.11,77,45,3.33,RU,1719631139
259,evanston,42.0411,-87.6901,22.98,86,75,2.06,US,1719631079
260,nemuro,43.3236,145.575,15.72,96,100,5.52,JP,1719631141
261,akrehamn,59.2667,5.1833,13.56,71,75,8.75,NO,1719631143
262,cabo san lucas,22.8909,-109.9124,31.45,79,30,7.22,MX,1719630944
263,east london,-33.0153,27.9116,20.52,40,0,3.6,ZA,1719631145
264,ichnya,50.8626,32.3942,18.43,80,0,1.25,UA,1719631147
265,iskateley,67.6803,53.1512,10.84,86,100,7.47,RU,1719631148
266,beloyarskiy,63.7119,66.6722,12.31,54,6,2.27,RU,1719631151
267,kamen'-na-obi,53.7884,81.3423,27.06,61,13,2.78,RU,1719631152
268,itoigawa,37.0333,137.85,27.23,87,69,1.75,JP,1719631153
269,constitucion,-35.3333,-72.4167,6.58,71,18,3.05,CL,1719630982
270,port alfred,-33.5906,26.891,18.97,43,57,6.24,ZA,1719631156
271,vilyuysk,63.7553,121.6247,22.35,31,1,1.35,RU,1719631157
272,weno,7.4515,151.8468,30.97,79,75,3.09,FM,1719631158
273,las vegas,36.175,-115.1372,38.38,11,0,7.2,US,1719630699
274,hilo,19.7297,-155.09,25.71,84,39,0.89,US,1719631161
275,basotu,-4.3667,35.0833,11.54,88,63,3.66,TZ,1719631163
276,cantagalo,-21.9811,-42.3681,18.9,69,96,1.58,BR,1719631164
277,iquique,-20.2208,-70.1431,16.02,72,92,1.36,CL,1719631065
278,misratah,32.3754,15.0925,24.89,73,0,3.2,LY,1719631166
279,soanierana ivongo,-16.9167,49.5833,21.01,86,75,3.05,MG,1719631168
280,anloga,5.7947,0.8973,25.47,87,97,5.4,GH,1719631169
281,tucuma,-0.1833,-50.05,24.46,90,16,1.14,BR,1719631172
282,kingston,17.997,-76.7936,28.53,79,100,2.06,JM,1719630917
283,grand-bassam,5.2118,-3.7388,25.98,91,72,3.49,CI,1719631174
284,fort st. john,56.2499,-120.8529,20.94,40,40,3.6,CA,1719631176
285,ozu,33.5,132.55,28.43,92,100,2.37,JP,1719631177
286,tsiombe,-25.3,45.4833,15.17,79,0,2.65,MG,1719631178
287,port moresby,-9.4431,147.1797,28.03,71,100,3.01,PG,1719631180
288,mirny,62.5353,113.9611,24.14,56,55,3.39,RU,1719631181
289,sitka,57.0531,-135.33,13.94,77,100,0.0,US,1719631183
290,vorkuta,67.5,64.0,5.03,80,100,4.39,RU,1719631052
291,antsiranana,-12.2787,49.2917,21.42,64,20,6.17,MG,1719631186
292,tipasa,36.5897,2.4475,22.6,68,1,1.86,DZ,1719631187
293,punta del este,-34.9667,-54.95,8.31,61,75,14.75,UY,1719631189
294,queenstown,-31.8976,26.8753,8.88,56,77,2.62,ZA,1719630911
295,mil'kovo,55.6078,37.7956,20.8,73,52,1.93,RU,1719631192
296,coahuayana de hidalgo,18.7,-103.6583,24.26,83,69,0.7,MX,1719631193
297,soufriere,13.8562,-61.0566,27.78,89,75,6.69,LC,1719631194
298,sinan,34.8262,126.1086,24.06,97,100,11.0,KR,1719631195
299,val-d'or,48.1002,-77.7828,17.05,59,100,1.54,CA,1719631197
300,nehe,48.4833,124.8333,19.41,94,100,3.39,CN,1719631198
301,udachny,66.4167,112.4,27.92,40,89,6.1,RU,1719631200
302,urumqi,43.801,87.6005,33.53,18,0,2.0,CN,1719631201
303,callao,-12.0667,-77.15,17.07,88,100,3.09,PE,1719630988
304,zinjibar,13.1287,45.3807,30.84,66,100,1.85,YE,1719631204
305,kudahuvadhoo,2.6708,72.8944,27.84,73,94,1.27,MV,1719631205
306,phang nga,8.4509,98.5298,32.02,64,89,1.54,TH,1719631206
307,gobabis,-22.45,18.9667,10.89,54,2,5.32,NA,1719631207
308,happy valley-goose bay,53.3168,-60.3315,8.17,76,20,4.12,CA,1719631209
309,changji,44.0167,87.3167,35.44,18,0,2.0,CN,1719631210
310,flying fish cove,-10.4217,105.6791,26.82,78,100,5.66,CX,1719631211
311,tindouf,27.6711,-8.1474,21.72,37,0,6.11,DZ,1719631213
312,san patricio,28.017,-97.5169,30.47,80,1,7.2,US,1719631214
313,kunshan,31.3776,120.9543,29.94,86,100,3.9,CN,1719631215
314,fort mcmurray,56.7268,-111.381,18.77,36,0,2.57,CA,1719631217
315,constantia,44.1833,28.65,20.39,61,0,5.04,RO,1719631218
316,am timan,11.0297,20.2827,23.72,78,100,0.59,TD,1719631220
317,ostersund,63.1792,14.6357,13.25,76,60,4.12,SE,1719631221
318,kerikeri,-35.2268,173.9474,14.6,71,88,1.6,NZ,1719631222
319,tadine,-21.55,167.8833,22.88,65,39,7.06,NC,1719631223
320,marquette,46.5333,-87.6335,17.1,98,100,2.24,US,1719631225
321,andergrove,-21.0833,149.1833,26.38,76,27,3.54,AU,1719631226
322,brisas de zicatela,15.8369,-97.0419,27.34,83,100,2.71,MX,1719631227
323,prainha,-1.8,-53.48,25.85,73,92,1.08,BR,1719631229
324,zhanga buqtyrma,49.6295,83.5248,25.01,73,0,0.74,KZ,1719631230
325,loch garman,52.3342,-6.4575,13.45,100,100,1.79,IE,1719631190
326,usogorsk,63.4106,48.6872,15.02,54,25,0.89,RU,1719631232
327,vorgashor,67.5833,63.95,4.73,80,100,4.61,RU,1719631234
328,san andres,12.5847,-81.7006,28.01,89,20,2.06,CO,1719631235
329,urazovo,50.0836,38.0395,16.58,86,73,1.55,RU,1719631237
330,greater sudbury,46.49,-80.99,15.59,82,100,3.67,CA,1719631210
331,mili,6.0815,171.735,28.35,78,100,5.01,MH,1719631239
332,ambato,-1.2491,-78.6168,11.36,77,83,0.74,EC,1719631010
333,igarka,67.4667,86.5833,8.61,60,100,6.42,RU,1719631241
334,segezha,63.7415,34.3222,15.57,65,46,3.93,RU,1719631243
335,ngara,-2.5122,30.6558,12.85,66,70,1.3,TZ,1719631244
336,tintafor,8.6267,-13.215,25.07,88,86,1.56,SL,1719631245
337,nikolayevsk-on-amure,53.1406,140.73,15.17,73,100,2.75,RU,1719631248
338,fairfield,41.2668,-73.3162,18.08,73,87,1.4,US,1719631175
339,yemetsk,63.4721,41.7941,14.81,60,4,2.58,RU,1719631250
340,timimoun,29.2639,0.231,34.21,9,0,2.57,DZ,1719631252
341,pimentel,-6.8367,-79.9342,18.16,88,20,8.23,PE,1719631253
342,utrik,11.2278,169.8474,28.03,81,99,7.22,MH,1719631254
343,tosontsengel,48.7567,98.2839,20.89,36,0,2.68,MN,1719631256
344,greymouth,-42.4667,171.2,12.13,77,12,1.73,NZ,1719631257
345,lata,40.1629,-8.3327,17.26,96,100,1.79,PT,1719631258
346,cidreira,-30.1811,-50.2056,12.01,71,37,6.32,BR,1719631260
347,san carlos,9.6612,-68.5827,22.78,96,15,1.48,VE,1719631261
348,luena,-11.7833,19.9167,8.8,62,0,2.05,AO,1719631264
349,antofagasta,-23.65,-70.4,13.6,76,99,0.83,CL,1719631265
350,lovech,43.1333,24.7167,20.54,68,6,2.26,BG,1719631266
351,youkounkoun,12.5333,-13.1333,25.42,85,65,2.27,GN,1719631268
352,manacapuru,-3.2997,-60.6206,25.52,85,29,1.03,BR,1719631269
353,klaksvik,62.2266,-6.589,8.51,82,95,4.87,FO,1719631270
354,poronaysk,49.2167,143.1167,20.53,71,69,4.47,RU,1719631273
355,polessk,54.862,21.1028,16.03,94,4,5.65,RU,1719631274
356,mims,28.6653,-80.8448,25.51,94,0,2.06,US,1719631276
357,thurso,58.5927,-3.5259,10.48,78,36,9.09,GB,1719631277
358,karakol,42.4907,78.3936,21.08,52,66,1.87,KG,1719631278
359,tobelo,1.7284,128.0095,27.86,80,65,2.36,ID,1719631280
360,chimoio,-19.1164,33.4833,10.64,88,5,1.53,MZ,1719631281
361,barrinha,-21.1936,-48.1639,20.27,53,95,1.68,BR,1719631282
362,semenivka,52.1783,32.5818,18.69,82,30,1.28,UA,1719631284
363,prince rupert,54.3161,-130.3201,13.05,91,100,2.57,CA,1719631285
364,namibe,-15.1961,12.1522,19.37,68,0,2.12,AO,1719631287
365,tiaret,35.371,1.317,16.69,63,0,1.54,DZ,1719631288
366,santa lucia,27.9117,-15.5407,16.35,66,20,9.26,ES,1719631289
367,makueni boma,-1.8041,37.6203,14.2,95,66,1.25,KE,1719631291
368,cururupu,-1.8283,-44.8683,22.16,99,56,0.71,BR,1719631292
369,port saint john's,-31.6229,29.5448,17.26,51,12,3.04,ZA,1719631295
370,akureyri,65.6835,-18.0878,6.96,87,100,5.14,IS,1719631296
371,tazovsky,67.4667,78.7,7.07,66,18,6.64,RU,1719631297
372,kununurra,-15.7667,128.7333,32.99,43,0,3.6,AU,1719631299
373,morristown,36.214,-83.2949,26.61,77,0,0.45,US,1719631126
374,antalaha,-14.9003,50.2788,20.0,76,57,3.38,MG,1719631301
375,tabas,33.5959,56.9244,35.12,20,30,1.03,IR,1719631303
376,george,-33.963,22.4617,21.75,33,0,6.69,ZA,1719631080
377,kurchum,48.5722,83.6542,25.87,52,0,2.67,KZ,1719631305
378,chonchi,-42.6128,-73.8092,5.07,93,100,0.61,CL,1719631307
379,argo,37.6333,22.7333,25.99,53,0,3.6,GR,1719631308
380,umreth,22.7,73.1167,27.87,72,100,6.18,IN,1719631309
381,palmer,42.1584,-72.3287,17.12,78,64,1.95,US,1719631311
382,la foa,-21.7108,165.8276,23.2,59,1,6.71,NC,1719631312
383,dwarka,22.2394,68.9678,29.65,82,97,6.4,IN,1719631313
384,ugoofaaru,5.6667,73.0,28.17,75,92,3.87,MV,1719631270
385,tagiura,32.8817,13.3506,25.65,68,0,5.44,LY,1719631316
386,prado,-17.3411,-39.2208,22.49,87,30,2.84,BR,1719631317
387,uren',57.4552,45.7852,15.13,75,2,2.1,RU,1719631318
388,mangrol,21.1167,70.1167,28.95,83,100,8.16,IN,1719631320
389,puerto el triunfo,13.2833,-88.55,25.35,89,100,1.02,SV,1719631321
390,holualoa,19.6228,-155.9522,25.91,86,75,6.69,US,1719631087
391,tucurui,-3.7661,-49.6725,23.36,89,98,1.34,BR,1719631325
392,ebon,4.582,168.6964,28.54,73,100,3.34,MH,1719631329
393,port augusta,-32.5,137.7667,12.32,76,100,5.62,AU,1719631180
394,saguenay,48.4168,-71.0657,16.46,59,100,2.06,CA,1719631331
395,oliver,49.1831,-119.5524,24.95,33,47,2.06,CA,1719631333
396,mount gambier,-37.8333,140.7667,11.18,65,100,4.59,AU,1719631334
397,horishni plavni,49.0097,33.6455,18.77,77,2,1.67,UA,1719631335
398,hithadhoo,-0.6,73.0833,28.16,67,92,2.73,MV,1719631337
399,duluth,46.7833,-92.1066,20.6,94,95,2.41,US,1719631166
400,tateyama,34.9833,139.8667,24.96,94,75,2.06,JP,1719631339
401,praia da vitoria,38.7333,-27.0667,21.14,88,40,3.18,PT,1719631341
402,tubarjal,30.4999,38.216,25.85,32,0,4.55,SA,1719631342
403,tarawa,1.419,172.984,31.05,70,75,4.12,KI,1719631343
404,rio de janeiro,-22.9028,-43.2075,24.98,73,82,2.57,BR,1719631204
405,karasburg,-28.0167,18.75,15.22,34,6,5.36,NA,1719631346
406,shimoda,34.6667,138.95,24.2,88,100,2.4,JP,1719631347
407,gusinoozyorsk,51.2833,106.5,23.25,44,37,3.41,RU,1719631348
408,quelimane,-17.8786,36.8883,17.53,96,33,1.93,MZ,1719631350
409,arkhangel'sk,64.5401,40.5433,18.06,55,0,2.0,RU,1719631351
410,kapuskasing,49.4169,-82.4331,13.05,88,100,4.12,CA,1719631103
411,mejit,10.2753,170.8646,28.02,83,100,7.65,MH,1719631353
412,midelt,32.6852,-4.7451,17.03,44,0,2.89,MA,1719631355
413,carmelo,-33.9892,-58.2856,6.66,62,4,6.08,UY,1719631356
414,lebork,54.5392,17.7501,15.51,99,5,2.84,PL,1719631357
415,broome,42.2506,-75.833,20.43,67,0,3.6,US,1719631359
416,moultrie,31.1799,-83.7891,26.57,100,100,2.06,US,1719631360
417,ghadamis,30.1337,9.5007,32.57,14,0,1.84,LY,1719631361
418,bataipora,-22.2953,-53.2711,20.78,48,33,2.0,BR,1719631363
419,salinopolis,-0.6136,-47.3561,25.72,87,88,4.32,BR,1719631364
420,obo,5.3998,26.4869,18.73,97,71,1.25,CF,1719631365
421,waterboro,43.5356,-70.7151,15.79,70,100,1.99,US,1719631367
422,nantucket,41.2835,-70.0995,16.66,76,0,0.0,US,1719631086
423,naolinco de victoria,19.65,-96.85,16.86,74,100,2.36,MX,1719631369
424,vanino,49.0869,140.2543,22.66,65,100,3.44,RU,1719631371
425,pyt-yakh,60.7499,72.8582,9.95,97,100,5.95,RU,1719631372
426,santyoku,37.4406,129.1708,25.17,62,65,2.26,KR,1719631373
427,deschutes river woods,43.9915,-121.3584,22.22,33,100,1.34,US,1719631374
428,hanceville,34.0607,-86.7675,28.62,79,77,2.33,US,1719631376
429,chibougamau,49.9168,-74.3659,14.79,67,100,3.6,CA,1719631377
430,cosala,24.4125,-106.6908,24.38,91,96,0.19,MX,1719631378
431,oxapampa,-10.5775,-75.4017,15.92,98,100,0.25,PE,1719631380
432,kapa'a,22.0752,-159.319,27.18,72,40,7.2,US,1719631381
433,lander,42.833,-108.7307,18.45,29,0,3.09,US,1719631382
434,ilha de mocambique,-15.0342,40.7358,22.31,85,73,6.38,MZ,1719631383
435,canyon,34.9803,-101.9188,31.96,31,6,4.7,US,1719631385
436,berdigestyakh,62.0989,126.6992,20.36,30,32,1.86,RU,1719631386
437,manokwari,-0.8667,134.0833,28.06,74,86,2.4,ID,1719631387
438,toliara,-23.35,43.6667,16.21,61,0,4.69,MG,1719631389
439,puerto san jose,13.9256,-90.8244,25.64,90,100,2.24,GT,1719631390
440,westport,41.1415,-73.3579,19.04,68,0,3.09,US,1719631269
441,kargil,34.5667,76.1,14.9,46,12,1.81,IN,1719631393
442,pierre,44.3683,-100.351,22.51,65,20,1.34,US,1719631394
443,kruisfontein,-34.0033,24.7314,18.27,41,8,4.88,ZA,1719631395
444,sao vicente,-23.9631,-46.3919,26.26,26,55,4.0,BR,1719631397
445,breves,-1.6822,-50.4803,23.4,93,52,1.25,BR,1719631399
446,newman,37.3138,-121.0208,33.34,48,0,3.43,US,1719631400
447,macapa,0.0389,-51.0664,24.99,94,0,1.03,BR,1719631401
448,craig,40.5153,-107.5464,16.79,72,95,2.33,US,1719631403
449,pangoa,-12.1167,-73.0,20.55,98,83,1.3,PE,1719631404
450,parabel',58.6978,81.4825,24.8,61,38,4.87,RU,1719631405
451,lorengau,-2.0226,147.2712,27.24,84,100,5.34,PG,1719631406
452,waspan,14.7419,-83.9717,24.34,95,100,2.23,NI,1719631408
453,hami,42.8,93.45,34.7,16,0,8.65,CN,1719631409
454,georgievka,49.3314,81.5761,28.13,45,11,3.42,KZ,1719631410
455,hede,33.7681,120.2517,26.84,86,100,6.07,CN,1719631412
456,mariental,-24.6333,17.9667,12.09,56,4,4.99,NA,1719631413
457,touros,-5.1989,-35.4608,23.34,87,51,4.03,BR,1719631414
458,terenozek,45.05,64.9833,24.19,36,0,2.08,KZ,1719631415
459,sabang,5.8933,95.3214,29.0,74,99,8.68,ID,1719631417
460,lyantor,61.6195,72.1555,9.38,87,100,9.81,RU,1719631418
461,ketchikan,55.3422,-131.6461,13.52,88,100,4.12,US,1719631420
462,kulhudhuffushi,6.6221,73.07,27.93,79,56,4.71,MV,1719631421
463,vernal,40.4555,-109.5287,26.84,27,0,3.6,US,1719631422
464,dien bien phu,21.3833,103.0167,27.71,86,96,1.59,VN,1719631424
465,west bay,19.3667,-81.4167,25.04,94,20,2.06,KY,1719631425
466,gypsum,39.6469,-106.9517,19.42,87,21,3.69,US,1719631426
467,francisco i. madero,29.7059,-107.8043,22.06,59,82,2.34,MX,1719631428
468,sumbawa besar,-8.5,117.4333,34.24,39,27,3.05,ID,1719631429
469,nar'yan-mar,67.6713,53.087,10.9,86,100,7.66,RU,1719631430
470,nova xavantina,-14.6667,-52.35,19.86,48,1,0.43,BR,1719631432
471,ajaccio,42.0,8.9167,19.03,78,0,3.6,FR,1719631282
472,oodweyne,9.4092,45.064,20.83,68,23,9.1,SO,1719631434
473,ormara,25.2088,64.6357,29.03,82,96,1.09,PK,1719631436
474,tanjung pandan,-2.75,107.65,30.15,67,80,3.13,ID,1719631437
475,la ronge,55.1001,-105.2842,16.12,33,0,1.54,CA,1719631439
476,bou hanifia el hamamat,35.3147,-0.0504,19.74,62,0,2.2,DZ,1719631440
477,porto novo,6.4965,2.6036,26.9,88,100,2.74,BJ,1719631442
478,lianjiang,21.6467,110.2817,31.94,65,90,4.04,CN,1719631443
479,sogndal,61.2283,7.1003,11.21,81,100,5.14,NO,1719631444
480,christchurch,-43.5333,172.6333,13.11,61,92,4.12,NZ,1719631446
481,rikaze,29.25,88.8833,14.17,56,100,0.86,CN,1719631448
482,northam,51.0333,-4.2167,11.45,89,97,3.25,GB,1719631450
483,pangody,65.85,74.4859,11.03,56,97,4.51,RU,1719631451
484,dabhol,17.6,73.1667,28.25,85,99,6.47,IN,1719631452
485,vilhena,-12.7406,-60.1458,21.46,48,0,0.54,BR,1719631454
486,ceeldheer,3.8488,47.1806,23.9,80,83,7.17,SO,1719631455
487,el calafate,-50.3408,-72.2768,-4.81,79,6,0.69,AR,1719631458
488,golfito,8.639,-83.166,22.11,94,92,0.25,CR,1719631459
489,lazaro cardenas,17.9583,-102.2,25.42,81,92,2.34,MX,1719631462
490,luganville,-15.5333,167.1667,26.04,73,62,4.97,VU,1719631464
491,tsiroanomandidy,-18.7667,46.0333,8.65,89,0,1.4,MG,1719631465
492,guardo,42.7897,-4.8482,12.36,96,99,2.4,ES,1719631467
493,ulladulla,-35.35,150.4667,17.75,43,100,5.57,AU,1719631468
494,griffith,41.5284,-87.4237,23.27,93,75,0.0,US,1719631469
495,petrov val,50.1434,45.2096,17.25,75,83,6.06,RU,1719631249
496,angra do heroismo,38.65,-27.2167,21.34,92,40,2.02,PT,1719631472
497,pagar alam,-4.0167,103.2667,24.04,82,99,0.85,ID,1719631473
498,la tuque,47.4334,-72.7824,18.14,55,100,3.09,CA,1719631474
499,alexandria,31.2156,29.9553,25.78,71,36,5.48,EG,1719631477
500,el granada,37.5027,-122.4694,22.47,76,20,8.23,US,1719631478
501,margate,51.3813,1.3862,12.95,86,32,2.32,GB,1719631479
502,selfoss,63.9331,-20.9971,7.25,75,1,3.23,IS,1719631481
503,maria la baja,9.9832,-75.3016,24.27,89,15,0.51,CO,1719631482
504,laojunmiao,39.8333,97.7333,19.41,40,100,7.29,CN,1719631483
505,okhotsk,59.3833,143.3,8.99,92,100,2.13,RU,1719631485
506,gereida,11.2811,25.1414,25.04,71,79,4.62,SD,1719631486
507,cabedelo,-6.9811,-34.8339,22.37,79,17,4.46,BR,1719631487
508,xam nua,20.4197,104.0439,27.9,60,100,3.32,LA,1719631489
509,zhezqazghan,47.7833,67.7667,20.32,34,0,3.0,KZ,1719631490
510,inarajan village,13.2736,144.7484,31.54,83,64,4.8,GU,1719631491
511,tapejara,-28.0681,-52.0139,9.19,97,100,3.0,BR,1719631493
512,ta`u,-14.2336,-169.5144,27.39,82,51,7.97,AS,1719631494
513,coquimbo,-29.9533,-71.3436,11.85,100,100,2.06,CL,1719631319
514,namsos,64.4662,11.4957,13.95,94,100,0.0,NO,1719631497
515,itoman,26.1247,127.6694,33.21,80,20,6.69,JP,1719631498
516,orsa,54.5153,30.4053,19.63,81,54,2.82,BY,1719631499
517,alenquer,-1.9417,-54.7383,24.99,75,69,1.61,BR,1719631500
518,laguna,38.421,-121.4238,32.64,33,0,4.12,US,1719631502
519,cochrane,51.1834,-114.4687,14.95,55,100,3.17,CA,1719631503
520,pariaman,-0.619,100.12,31.03,76,85,1.68,ID,1719631504
521,champerico,14.3,-91.9167,25.82,89,100,3.1,GT,1719631506
522,acarau,-2.8856,-40.12,24.38,87,90,4.65,BR,1719631507
523,fauske,67.2588,15.3918,18.86,78,59,2.99,NO,1719631508
524,qulsary,46.9531,54.0198,19.28,62,65,4.36,KZ,1719631509
525,xuddur,4.1213,43.8894,20.37,82,100,7.89,SO,1719631511
526,viedma,-40.8135,-62.9967,5.61,56,100,9.09,AR,1719631471
527,papao,-17.75,-149.55,27.82,81,15,12.18,PF,1719631513
528,pathein,16.7833,94.7333,30.09,73,100,5.37,MM,1719631514
529,alta,69.9689,23.2717,15.59,83,0,0.0,NO,1719631516
530,fisterra,42.9049,-9.2629,17.23,88,84,7.64,ES,1719631517
531,banff,51.1762,-115.5698,13.21,62,100,2.06,CA,1719631518
532,phan rang-thap cham,11.5667,108.9833,31.69,60,56,3.48,VN,1719631520
533,qamdo,31.1667,97.2333,8.95,66,99,1.39,CN,1719631521
534,luanda,-8.8368,13.2343,22.0,83,100,1.54,AO,1719631522
535,port douglas,-16.4833,145.4667,24.65,81,89,5.63,AU,1719631524
536,loiza,18.4313,-65.8802,28.59,87,35,4.14,PR,1719631525
537,kertih,4.5141,103.4483,30.01,74,20,2.06,MY,1719631526
538,cavite city,14.4825,120.9169,34.05,64,40,3.6,PH,1719631527
539,scone,56.4194,-3.4051,9.98,83,60,2.67,GB,1719631529
540,linxia chengguanzhen,35.6003,103.2064,23.52,38,96,1.05,CN,1719631530
541,vila do maio,15.1333,-23.2167,23.44,87,28,7.94,CV,1719631531
542,mahina,-17.5065,-149.489,27.87,65,20,3.09,PF,1719631533
543,qarauyl,48.9451,79.255,28.64,32,67,2.79,KZ,1719631534
544,kipushi,-11.7667,27.2333,9.74,85,0,2.33,CD,1719631535
545,keetmanshoop,-26.5833,18.1333,16.51,48,5,6.69,NA,1719631536
546,kalix,65.853,23.1565,14.78,84,48,2.01,SE,1719631538
547,porto seguro,-16.4497,-39.0647,22.29,94,20,2.06,BR,1719631539
548,paredon,16.0333,-93.8667,27.41,79,100,0.81,MX,1719631540
549,el hamma,33.8915,9.7963,24.62,75,4,3.01,TN,1719631545
550,fortuna,40.5982,-124.1573,14.43,88,0,4.63,US,1719631546
551,vila franca do campo,37.7167,-25.4333,20.23,99,3,1.73,PT,1719631547
552,al mayadin,35.0209,40.4535,28.65,33,0,5.26,SY,1719631549
553,kodarma,24.4667,85.6,34.21,48,52,2.91,IN,1719631550
554,mata-utu,-13.2816,-176.1745,28.32,77,58,5.95,WF,1719631551
555,arawa,-6.2132,155.5367,25.65,92,100,1.21,PG,1719631554
556,xilin hot,43.9667,116.0333,22.67,55,100,4.29,CN,1719631555
557,shingu,33.7333,135.9833,29.6,63,100,2.08,JP,1719631556
